Series Name,Series Code,Country Name,Country Code,1990 [YR1990],2000 [YR2000],2010 [YR2010],2011 [YR2011],2012 [YR2012],2013 [YR2013],2014 [YR2014],2015 [YR2015],2016 [YR2016],2017 [YR2017],2018 [YR2018],2019 [YR2019]
"Life expectancy at birth, total (years)",SP.DYN.LE00.IN,Afghanistan,AFG,50.331,55.841,61.028,61.553,62.054,62.525,62.966,63.377,63.763,64.13,64.486,..
"Life expectancy at birth, total (years)",SP.DYN.LE00.IN,Albania,ALB,71.836,73.955,76.562,76.914,77.252,77.554,77.813,78.025,78.194,78.333,78.458,..
"Life expectancy at birth, total (years)",SP.DYN.LE00.IN,Algeria,DZA,66.938,70.64,74.938,75.199,75.436,75.661,75.878,76.09,76.298,76.499,76.693,..
"Life expectancy at birth, total (years)",SP.DYN.LE00.IN,American Samoa,ASM,..,..,..,..,..,..,..,..,..,..,..,..
"Life expectancy at birth, total (years)",SP.DYN.LE00.IN,Andorra,AND,..,..,..,..,..,..,..,..,..,..,..,..
"Life expectancy at birth, total (years)",SP.DYN.LE00.IN,Angola,AGO,45.306,46.522,55.35,56.33,57.236,58.054,58.776,59.398,59.925,60.379,60.782,..
"Life expectancy at birth, total (years)",SP.DYN.LE00.IN,Antigua and Barbuda,ATG,71.52,73.94,75.823,75.956,76.087,76.218,76.349,76.483,76.617,76.752,76.885,..
"Life expectancy at birth, total (years)",SP.DYN.LE00.IN,Argentina,ARG,71.594,73.576,75.278,75.439,75.598,75.756,75.913,76.068,76.221,76.372,76.52,..
"Life expectancy at birth, total (years)",SP.DYN.LE00.IN,Armenia,ARM,67.879,71.409,73.331,73.572,73.82,74.056,74.273,74.467,74.64,74.797,74.945,..
"Life expectancy at birth, total (years)",SP.DYN.LE00.IN,Aruba,ABW,73.468,73.787,75.017,75.158,75.299,75.441,75.583,75.725,75.868,76.01,76.152,..
"Life expectancy at birth, total (years)",SP.DYN.LE00.IN,Australia,AUS,76.99463415,79.23414634,81.69512195,81.89512195,82.04634146,82.14878049,82.3,82.4,82.44878049,82.5,82.74878049,..
"Life expectancy at birth, total (years)",SP.DYN.LE00.IN,Austria,AUT,75.56829268,78.12682927,80.5804878,80.98292683,80.93658537,81.13658537,81.4902439,81.1902439,81.64146341,81.64390244,81.64390244,..
"Life expectancy at birth, total (years)",SP.DYN.LE00.IN,Azerbaijan,AZE,64.827,66.763,70.938,71.234,71.506,71.768,72.022,72.266,72.493,72.693,72.864,..
"Life expectancy at birth, total (years)",SP.DYN.LE00.IN,"Bahamas, The",BHS,70.199,71.914,72.144,72.263,72.424,72.62,72.847,73.088,73.329,73.554,73.752,..
"Life expectancy at birth, total (years)",SP.DYN.LE00.IN,Bahrain,BHR,72.39,74.44,76.057,76.2,76.342,76.484,76.624,76.762,76.899,77.032,77.163,..
"Life expectancy at birth, total (years)",SP.DYN.LE00.IN,Bangladesh,BGD,58.21,65.447,69.881,70.256,70.606,70.93,71.231,71.514,71.785,72.052,72.32,..
"Life expectancy at birth, total (years)",SP.DYN.LE00.IN,Barbados,BRB,74.704,77.162,78.364,78.456,78.547,78.633,78.717,78.801,78.888,78.981,79.081,..
"Life expectancy at birth, total (years)",SP.DYN.LE00.IN,Belarus,BLR,70.83658537,68.91219512,70.40487805,70.55365854,71.96585366,72.47073171,72.97073171,73.62439024,73.82682927,74.12926829,74.17560976,..
"Life expectancy at birth, total (years)",SP.DYN.LE00.IN,Belgium,BEL,76.05195122,77.72195122,80.18292683,80.58536585,80.38536585,80.58780488,81.28780488,80.99268293,81.43902439,81.49268293,81.59512195,..
"Life expectancy at birth, total (years)",SP.DYN.LE00.IN,Belize,BLZ,71.242,68.847,72.057,72.57,73.044,73.452,73.782,74.034,74.219,74.365,74.496,..
"Life expectancy at birth, total (years)",SP.DYN.LE00.IN,Benin,BEN,53.812,55.391,59.318,59.59,59.842,60.092,60.345,60.608,60.885,61.174,61.47,..
"Life expectancy at birth, total (years)",SP.DYN.LE00.IN,Bermuda,BMU,..,77.88536585,79.28853659,81.15268293,81.67780488,80.57243902,80.79731707,81.01219512,81.22707317,81.44195122,81.65170732,..
"Life expectancy at birth, total (years)",SP.DYN.LE00.IN,Bhutan,BTN,52.878,60.884,68.384,68.84,69.263,69.662,70.046,70.419,70.781,71.129,71.46,..
"Life expectancy at birth, total (years)",SP.DYN.LE00.IN,Bolivia,BOL,56.099,62.452,68.007,68.521,69.01,69.468,69.891,70.277,70.626,70.945,71.239,..
"Life expectancy at birth, total (years)",SP.DYN.LE00.IN,Bosnia and Herzegovina,BIH,70.877,74.403,76.031,76.219,76.401,76.569,76.723,76.865,76.998,77.128,77.262,..
"Life expectancy at birth, total (years)",SP.DYN.LE00.IN,Botswana,BWA,59.191,50.629,60.211,61.91,63.511,64.976,66.265,67.338,68.178,68.812,69.275,..
"Life expectancy at birth, total (years)",SP.DYN.LE00.IN,Brazil,BRA,66.343,70.116,73.619,73.921,74.209,74.483,74.745,74.994,75.23,75.456,75.672,..
"Life expectancy at birth, total (years)",SP.DYN.LE00.IN,British Virgin Islands,VGB,..,..,..,..,..,..,..,..,..,..,..,..
"Life expectancy at birth, total (years)",SP.DYN.LE00.IN,Brunei Darussalam,BRN,70.185,72.809,74.74,74.852,74.962,75.075,75.193,75.318,75.45,75.585,75.722,..
"Life expectancy at birth, total (years)",SP.DYN.LE00.IN,Bulgaria,BGR,71.64146341,71.66341463,73.51219512,74.16341463,74.31463415,74.86097561,74.46585366,74.61463415,74.81219512,74.81463415,74.86585366,..
"Life expectancy at birth, total (years)",SP.DYN.LE00.IN,Burkina Faso,BFA,49.454,50.489,57.096,57.761,58.374,58.937,59.45,59.919,60.354,60.768,61.174,..
"Life expectancy at birth, total (years)",SP.DYN.LE00.IN,Burundi,BDI,47.829,49.091,57.228,57.925,58.568,59.148,59.665,60.123,60.528,60.898,61.247,..
"Life expectancy at birth, total (years)",SP.DYN.LE00.IN,Cabo Verde,CPV,64.676,68.583,71.062,71.243,71.445,71.661,71.886,72.117,72.347,72.57,72.782,..
"Life expectancy at birth, total (years)",SP.DYN.LE00.IN,Cambodia,KHM,53.595,58.432,66.56,67.043,67.48,67.888,68.273,68.637,68.977,69.289,69.57,..
"Life expectancy at birth, total (years)",SP.DYN.LE00.IN,Cameroon,CMR,53.362,50.993,55.101,55.581,56.073,56.576,57.083,57.583,58.063,58.511,58.921,..
"Life expectancy at birth, total (years)",SP.DYN.LE00.IN,Canada,CAN,77.42195122,79.13658537,81.24634146,81.44878049,81.64878049,81.74878049,81.8,81.9,81.9,81.94878049,81.94878049,..
"Life expectancy at birth, total (years)",SP.DYN.LE00.IN,Cayman Islands,CYM,..,..,82.1902439,..,..,..,..,..,..,..,..,..
"Life expectancy at birth, total (years)",SP.DYN.LE00.IN,Central African Republic,CAF,49.104,44.19,47.312,47.95,48.638,49.371,50.129,50.881,51.593,52.24,52.805,..
"Life expectancy at birth, total (years)",SP.DYN.LE00.IN,Chad,TCD,47.019,47.713,50.89,51.424,51.928,52.386,52.789,53.137,53.438,53.712,53.977,..
"Life expectancy at birth, total (years)",SP.DYN.LE00.IN,Channel Islands,CHI,75.41,79.037,81.483,81.688,81.883,82.071,82.252,82.429,82.6,82.766,82.928,..
"Life expectancy at birth, total (years)",SP.DYN.LE00.IN,Chile,CHL,73.509,76.366,78.779,78.986,79.176,79.349,79.504,79.646,79.779,79.909,80.042,..
"Life expectancy at birth, total (years)",SP.DYN.LE00.IN,China,CHN,69.145,71.397,74.409,74.708,75.013,75.321,75.629,75.928,76.21,76.47,76.704,..
"Life expectancy at birth, total (years)",SP.DYN.LE00.IN,Colombia,COL,69.75,72.945,75.424,75.655,75.882,76.105,76.322,76.531,76.732,76.925,77.109,..
"Life expectancy at birth, total (years)",SP.DYN.LE00.IN,Comoros,COM,56.677,59.46,61.862,62.24,62.595,62.922,63.214,63.471,63.7,63.912,64.118,..
"Life expectancy at birth, total (years)",SP.DYN.LE00.IN,"Congo, Dem. Rep.",COD,49.043,50.041,56.909,57.427,57.914,58.381,58.828,59.254,59.655,60.026,60.368,..
"Life expectancy at birth, total (years)",SP.DYN.LE00.IN,"Congo, Rep.",COG,54.638,52.123,60.093,60.785,61.423,62.022,62.582,63.097,63.556,63.954,64.29,..
"Life expectancy at birth, total (years)",SP.DYN.LE00.IN,Costa Rica,CRI,75.654,77.452,78.769,78.919,79.074,79.234,79.398,79.565,79.738,79.914,80.095,..
"Life expectancy at birth, total (years)",SP.DYN.LE00.IN,Cote d'Ivoire,CIV,53.254,49.635,52.964,53.62,54.271,54.906,55.508,56.065,56.567,57.017,57.422,..
"Life expectancy at birth, total (years)",SP.DYN.LE00.IN,Croatia,HRV,72.1704878,72.80780488,76.47560976,76.77560976,76.92439024,77.12682927,77.47804878,77.27560976,78.02195122,77.82682927,78.07073171,..
"Life expectancy at birth, total (years)",SP.DYN.LE00.IN,Cuba,CUB,74.638,76.699,78.338,78.4,78.446,78.485,78.521,78.561,78.607,78.662,78.726,..
"Life expectancy at birth, total (years)",SP.DYN.LE00.IN,Curacao,CUW,..,..,..,77.47317073,77.52439024,77.82682927,77.97560976,78.07560976,77.7195122,78.01707317,..,..
"Life expectancy at birth, total (years)",SP.DYN.LE00.IN,Cyprus,CYP,76.554,78.009,79.43,79.621,79.812,79.999,80.178,80.35,80.513,80.672,80.828,..
"Life expectancy at birth, total (years)",SP.DYN.LE00.IN,Czech Republic,CZE,71.38390244,74.96829268,77.42439024,77.87317073,78.07560976,78.17560976,78.82439024,78.57804878,79.02682927,78.97804878,78.97804878,..
"Life expectancy at birth, total (years)",SP.DYN.LE00.IN,Denmark,DNK,74.80536585,76.59268293,79.1,79.8,80.05121951,80.3,80.7,80.70243902,80.85365854,81.10243902,81.35121951,..
"Life expectancy at birth, total (years)",SP.DYN.LE00.IN,Djibouti,DJI,56.678,57.022,60.062,60.667,61.395,62.239,63.171,64.136,65.064,65.893,66.582,..
"Life expectancy at birth, total (years)",SP.DYN.LE00.IN,Dominica,DMA,..,..,..,..,..,..,..,..,..,..,..,..
"Life expectancy at birth, total (years)",SP.DYN.LE00.IN,Dominican Republic,DOM,66.574,69.429,72.046,72.284,72.523,72.763,73.003,73.241,73.471,73.689,73.892,..
"Life expectancy at birth, total (years)",SP.DYN.LE00.IN,Ecuador,ECU,68.899,72.761,75.089,75.289,75.495,75.707,75.923,76.143,76.365,76.584,76.8,..
"Life expectancy at birth, total (years)",SP.DYN.LE00.IN,"Egypt, Arab Rep.",EGY,64.572,68.602,70.349,70.543,70.736,70.928,71.117,71.302,71.482,71.656,71.825,..
"Life expectancy at birth, total (years)",SP.DYN.LE00.IN,El Salvador,SLV,64,68.875,71.21,71.449,71.692,71.935,72.175,72.412,72.644,72.872,73.096,..
"Life expectancy at birth, total (years)",SP.DYN.LE00.IN,Equatorial Guinea,GNQ,48.775,53.279,55.622,55.945,56.288,56.642,57.001,57.359,57.713,58.061,58.402,..
"Life expectancy at birth, total (years)",SP.DYN.LE00.IN,Eritrea,ERI,49.588,55.273,62.193,62.732,63.238,63.726,64.201,64.664,65.111,65.538,65.941,..
"Life expectancy at birth, total (years)",SP.DYN.LE00.IN,Estonia,EST,69.47560976,70.41707317,75.42926829,76.22926829,76.32682927,77.14146341,77.03414634,77.5902439,77.64146341,78.09268293,78.54390244,..
"Life expectancy at birth, total (years)",SP.DYN.LE00.IN,Eswatini,SWZ,61.95,47.49,46.601,48.141,49.862,51.699,53.569,55.359,56.962,58.319,59.401,..
"Life expectancy at birth, total (years)",SP.DYN.LE00.IN,Ethiopia,ETH,47.099,51.941,61.627,62.505,63.281,63.961,64.547,65.048,65.482,65.872,66.24,..
"Life expectancy at birth, total (years)",SP.DYN.LE00.IN,Faroe Islands,FRO,76.11463415,78.43414634,80.58780488,80.83902439,81.0902439,81.34146341,81.59268293,81.79512195,82.04634146,82.29756098,82.54878049,..
"Life expectancy at birth, total (years)",SP.DYN.LE00.IN,Fiji,FJI,65.379,65.687,66.655,66.759,66.859,66.95,67.03,67.103,67.175,67.252,67.341,..
"Life expectancy at birth, total (years)",SP.DYN.LE00.IN,Finland,FIN,74.81317073,77.46585366,79.87073171,80.47073171,80.62682927,80.97560976,81.1804878,81.4804878,81.42926829,81.63170732,81.83414634,..
"Life expectancy at birth, total (years)",SP.DYN.LE00.IN,France,FRA,76.6,79.05609756,81.66341463,82.11463415,81.96829268,82.2195122,82.7195122,82.32195122,82.52439024,82.52682927,82.52682927,..
"Life expectancy at birth, total (years)",SP.DYN.LE00.IN,French Polynesia,PYF,68.704,72.303,75.611,75.844,76.074,76.307,76.546,76.787,77.024,77.251,77.462,..
"Life expectancy at birth, total (years)",SP.DYN.LE00.IN,Gabon,GAB,60.965,58.264,61.4,62.168,62.924,63.648,64.318,64.913,65.418,65.839,66.187,..
"Life expectancy at birth, total (years)",SP.DYN.LE00.IN,"Gambia, The",GMB,52.221,55.956,59.637,59.917,60.178,60.426,60.667,60.91,61.166,61.44,61.735,..
"Life expectancy at birth, total (years)",SP.DYN.LE00.IN,Georgia,GEO,70.386,69.902,71.46,71.773,72.097,72.412,72.707,72.973,73.207,73.414,73.6,..
"Life expectancy at birth, total (years)",SP.DYN.LE00.IN,Germany,DEU,75.2277561,77.92682927,79.98780488,80.43658537,80.53902439,80.4902439,81.0902439,80.64146341,80.9902439,80.99268293,80.99268293,..
"Life expectancy at birth, total (years)",SP.DYN.LE00.IN,Ghana,GHA,56.776,57.002,61.03,61.381,61.72,62.064,62.416,62.772,63.124,63.463,63.78,..
"Life expectancy at birth, total (years)",SP.DYN.LE00.IN,Gibraltar,GIB,..,..,..,..,..,..,..,..,..,..,..,..
"Life expectancy at birth, total (years)",SP.DYN.LE00.IN,Greece,GRC,76.93902439,77.88780488,80.38780488,80.73170732,80.63414634,81.28536585,81.38536585,81.03658537,81.38780488,81.28780488,81.28780488,..
"Life expectancy at birth, total (years)",SP.DYN.LE00.IN,Greenland,GRL,65.06829268,66.96341463,70.85707317,71.06243902,71.29902439,71.8304878,71.53841463,71.24634146,70.84878049,..,..,..
"Life expectancy at birth, total (years)",SP.DYN.LE00.IN,Grenada,GRD,69.598,72.648,72.867,72.768,72.669,72.579,72.503,72.445,72.408,72.388,72.384,..
"Life expectancy at birth, total (years)",SP.DYN.LE00.IN,Guam,GUM,71.925,75.011,77.941,78.173,78.408,78.649,78.895,79.144,79.391,79.631,79.859,..
"Life expectancy at birth, total (years)",SP.DYN.LE00.IN,Guatemala,GTM,62.261,67.849,71.481,71.861,72.236,72.596,72.935,73.25,73.541,73.81,74.063,..
"Life expectancy at birth, total (years)",SP.DYN.LE00.IN,Guinea,GIN,49.987,51.203,56.861,57.387,57.905,58.447,59.016,59.598,60.17,60.706,61.185,..
"Life expectancy at birth, total (years)",SP.DYN.LE00.IN,Guinea-Bissau,GNB,47.095,50.368,54.628,55.144,55.645,56.117,56.556,56.959,57.328,57.673,58.003,..
"Life expectancy at birth, total (years)",SP.DYN.LE00.IN,Guyana,GUY,63.287,65.242,68.059,68.321,68.575,68.819,69.049,69.262,69.454,69.624,69.774,..
"Life expectancy at birth, total (years)",SP.DYN.LE00.IN,Haiti,HTI,54.265,57.131,60.511,60.879,61.26,61.658,62.069,62.485,62.896,63.29,63.66,..
"Life expectancy at birth, total (years)",SP.DYN.LE00.IN,Honduras,HND,66.723,70.689,73.317,73.569,73.814,74.051,74.278,74.495,74.701,74.898,75.088,..
"Life expectancy at birth, total (years)",SP.DYN.LE00.IN,"Hong Kong SAR, China",HKG,77.3804878,80.87804878,82.97804878,83.42195122,83.4804878,83.83170732,83.9804878,84.27804878,84.22682927,84.6804878,84.93414634,..
"Life expectancy at birth, total (years)",SP.DYN.LE00.IN,Hungary,HUN,69.31560976,71.24634146,74.20731707,74.85853659,75.06341463,75.56585366,75.76341463,75.56829268,76.06341463,75.81707317,75.81707317,..
"Life expectancy at birth, total (years)",SP.DYN.LE00.IN,Iceland,ISL,78.03634146,79.65365854,81.89756098,82.35853659,82.91707317,82.06097561,82.86097561,82.46829268,82.20487805,82.66097561,82.66097561,..
"Life expectancy at birth, total (years)",SP.DYN.LE00.IN,India,IND,57.865,62.505,66.693,67.13,67.545,67.931,68.286,68.607,68.897,69.165,69.416,..
"Life expectancy at birth, total (years)",SP.DYN.LE00.IN,Indonesia,IDN,62.32,65.772,69.205,69.542,69.866,70.179,70.481,70.768,71.035,71.282,71.509,..
"Life expectancy at birth, total (years)",SP.DYN.LE00.IN,"Iran, Islamic Rep.",IRN,63.837,70.176,73.905,74.352,74.776,75.162,75.502,75.796,76.047,76.271,76.479,..
"Life expectancy at birth, total (years)",SP.DYN.LE00.IN,Iraq,IRQ,66.011,69.082,68.567,68.848,69.148,69.437,69.7,69.929,70.122,70.294,70.454,..
"Life expectancy at birth, total (years)",SP.DYN.LE00.IN,Ireland,IRL,74.80909756,76.53658537,80.74390244,80.74634146,80.84634146,80.94878049,81.34878049,81.45365854,81.70487805,82.15609756,82.60731707,..
"Life expectancy at birth, total (years)",SP.DYN.LE00.IN,Isle of Man,IMN,..,..,..,..,..,..,..,..,..,..,..,..
"Life expectancy at birth, total (years)",SP.DYN.LE00.IN,Israel,ISR,76.60731707,78.95365854,81.60243902,81.65609756,81.70487805,82.05609756,82.15365854,82.05121951,82.40731707,82.55121951,82.80243902,..
"Life expectancy at birth, total (years)",SP.DYN.LE00.IN,Italy,ITA,76.97073171,79.77804878,82.03658537,82.18780488,82.23902439,82.6902439,83.0902439,82.54390244,83.24390244,82.94634146,82.94634146,..
"Life expectancy at birth, total (years)",SP.DYN.LE00.IN,Jamaica,JAM,73.204,74.142,74.038,74.012,74.001,74.01,74.042,74.098,74.175,74.267,74.368,..
"Life expectancy at birth, total (years)",SP.DYN.LE00.IN,Japan,JPN,78.83682927,81.07609756,82.84268293,82.59121951,83.09609756,83.33195122,83.58780488,83.79390244,83.98487805,84.0997561,84.21097561,..
"Life expectancy at birth, total (years)",SP.DYN.LE00.IN,Jordan,JOR,69.872,71.73,73.428,73.581,73.722,73.851,73.969,74.078,74.184,74.292,74.405,..
"Life expectancy at birth, total (years)",SP.DYN.LE00.IN,Kazakhstan,KAZ,68.33658537,65.51707317,68.29536585,68.98,69.61,70.45,71.62,72,72.3,72.95,73.15,..
"Life expectancy at birth, total (years)",SP.DYN.LE00.IN,Kenya,KEN,57.406,50.921,60.959,61.851,62.659,63.419,64.135,64.798,65.393,65.909,66.342,..
"Life expectancy at birth, total (years)",SP.DYN.LE00.IN,Kiribati,KIR,59.636,63.144,65.769,66.072,66.381,66.69,66.995,67.291,67.577,67.851,68.116,..
"Life expectancy at birth, total (years)",SP.DYN.LE00.IN,"Korea, Dem. People’s Rep.",PRK,69.896,65.268,69.571,70.012,70.454,70.853,71.198,71.481,71.711,71.91,72.095,..
"Life expectancy at birth, total (years)",SP.DYN.LE00.IN,"Korea, Rep.",KOR,71.59756098,75.9097561,80.11707317,80.56829268,80.8195122,81.27073171,81.72195122,82.02439024,82.27560976,82.62682927,82.62682927,..
"Life expectancy at birth, total (years)",SP.DYN.LE00.IN,Kosovo,XKX,67.74878049,67.95121951,69.9,70.14878049,70.49756098,70.79756098,71.09756098,71.34634146,71.64634146,71.94634146,72.19512195,..
"Life expectancy at birth, total (years)",SP.DYN.LE00.IN,Kuwait,KWT,72.15,73.142,74.358,74.55,74.728,74.885,75.019,75.13,75.224,75.311,75.398,..
"Life expectancy at birth, total (years)",SP.DYN.LE00.IN,Kyrgyz Republic,KGZ,68.29756098,68.55853659,69.3,69.60243902,70.00243902,70.20243902,70.40243902,70.65121951,70.95121951,71.2,71.4,..
"Life expectancy at birth, total (years)",SP.DYN.LE00.IN,Lao PDR,LAO,53.364,58.803,64.306,64.797,65.267,65.717,66.144,66.546,66.924,67.277,67.61,..
"Life expectancy at birth, total (years)",SP.DYN.LE00.IN,Latvia,LVA,69.27317073,70.31463415,73.48292683,73.57560976,73.77804878,73.98292683,74.12439024,74.4804878,74.5804878,74.62926829,74.67804878,..
"Life expectancy at birth, total (years)",SP.DYN.LE00.IN,Lebanon,LBN,70.266,74.507,78.36,78.507,78.611,78.683,78.732,78.768,78.8,78.833,78.875,..
"Life expectancy at birth, total (years)",SP.DYN.LE00.IN,Lesotho,LSO,59.837,47.691,45.1,46.207,47.416,48.663,49.891,51.038,52.059,52.947,53.705,..
"Life expectancy at birth, total (years)",SP.DYN.LE00.IN,Liberia,LBR,46.046,51.734,59.6,60.146,60.663,61.186,61.723,62.269,62.802,63.295,63.73,..
"Life expectancy at birth, total (years)",SP.DYN.LE00.IN,Libya,LBY,68.503,70.852,72.044,71.956,71.901,71.907,71.981,72.121,72.311,72.52,72.724,..
"Life expectancy at birth, total (years)",SP.DYN.LE00.IN,Liechtenstein,LIE,..,76.82682927,81.84146341,81.79268293,82.38292683,82.26097561,82.07317073,82.65609756,82.25853659,83.74634146,83.74634146,..
"Life expectancy at birth, total (years)",SP.DYN.LE00.IN,Lithuania,LTU,71.16073171,72.0195122,73.26829268,73.56341463,73.86341463,73.91463415,74.51707317,74.32195122,74.67073171,75.4804878,76.2902439,..
"Life expectancy at birth, total (years)",SP.DYN.LE00.IN,Luxembourg,LUX,75.01041463,77.87317073,80.63170732,80.98780488,81.39268293,81.8,82.22926829,82.29268293,82.68536585,82.09512195,82.09512195,..
"Life expectancy at birth, total (years)",SP.DYN.LE00.IN,"Macao SAR, China",MAC,77.296,80.407,82.704,82.938,83.158,83.361,83.543,83.707,83.854,83.989,84.118,..
"Life expectancy at birth, total (years)",SP.DYN.LE00.IN,Madagascar,MDG,51.003,58.485,63.388,63.836,64.28,64.713,65.133,65.539,65.931,66.311,66.681,..
"Life expectancy at birth, total (years)",SP.DYN.LE00.IN,Malawi,MWI,46.096,45.09,55.564,57.161,58.629,59.931,61.042,61.953,62.681,63.279,63.798,..
"Life expectancy at birth, total (years)",SP.DYN.LE00.IN,Malaysia,MYS,70.865,72.594,74.493,74.683,74.877,75.072,75.268,75.461,75.649,75.828,75.997,..
"Life expectancy at birth, total (years)",SP.DYN.LE00.IN,Maldives,MDV,61.529,70.173,75.905,76.293,76.664,77.018,77.36,77.691,78.013,78.325,78.627,..
"Life expectancy at birth, total (years)",SP.DYN.LE00.IN,Mali,MLI,45.746,48.069,55.251,55.701,56.135,56.578,57.036,57.509,57.987,58.452,58.893,..
"Life expectancy at birth, total (years)",SP.DYN.LE00.IN,Malta,MLT,76.78607317,78.34878049,81.39756098,80.74634146,80.74634146,81.74634146,82.04634146,81.89756098,82.45365854,82.34634146,82.34634146,..
"Life expectancy at birth, total (years)",SP.DYN.LE00.IN,Marshall Islands,MHL,..,65.23902439,..,..,..,..,..,..,..,..,..,..
"Life expectancy at birth, total (years)",SP.DYN.LE00.IN,Mauritania,MRT,59.688,60.706,62.527,62.799,63.079,63.366,63.654,63.936,64.208,64.464,64.704,..
"Life expectancy at birth, total (years)",SP.DYN.LE00.IN,Mauritius,MUS,69.40487805,71.66341463,72.96731707,73.26682927,73.86341463,74.01707317,74.19439024,74.35317073,74.39487805,74.51463415,74.41634146,..
"Life expectancy at birth, total (years)",SP.DYN.LE00.IN,Mexico,MEX,70.866,74.34,75.065,75.011,74.966,74.93,74.908,74.904,74.917,74.947,74.992,..
"Life expectancy at birth, total (years)",SP.DYN.LE00.IN,"Micronesia, Fed. Sts.",FSM,63.605,64.55,66.471,66.646,66.817,66.986,67.152,67.315,67.471,67.618,67.755,..
"Life expectancy at birth, total (years)",SP.DYN.LE00.IN,Moldova,MDA,67.643,67.006,69.616,70.119,70.581,70.968,71.267,71.478,71.617,71.717,71.808,..
"Life expectancy at birth, total (years)",SP.DYN.LE00.IN,Monaco,MCO,..,..,..,..,..,..,..,..,..,..,..,..
"Life expectancy at birth, total (years)",SP.DYN.LE00.IN,Mongolia,MNG,60.268,62.869,67.38,67.818,68.217,68.566,68.863,69.111,69.321,69.509,69.689,..
"Life expectancy at birth, total (years)",SP.DYN.LE00.IN,Montenegro,MNE,74.627,73.228,75.151,75.505,75.823,76.089,76.297,76.452,76.568,76.667,76.77,..
"Life expectancy at birth, total (years)",SP.DYN.LE00.IN,Morocco,MAR,64.732,68.684,74.382,74.696,74.97,75.227,75.477,75.726,75.974,76.218,76.453,..
"Life expectancy at birth, total (years)",SP.DYN.LE00.IN,Mozambique,MOZ,45.261,48.946,52.31,53.043,53.931,54.949,56.062,57.206,58.309,59.309,60.163,..
"Life expectancy at birth, total (years)",SP.DYN.LE00.IN,Myanmar,MMR,56.849,60.063,63.525,63.983,64.453,64.921,65.378,65.81,66.205,66.558,66.867,..
"Life expectancy at birth, total (years)",SP.DYN.LE00.IN,Namibia,NAM,61.608,52.192,56.665,58.085,59.387,60.513,61.425,62.119,62.625,63.021,63.373,..
"Life expectancy at birth, total (years)",SP.DYN.LE00.IN,Nauru,NRU,..,..,..,..,..,..,..,..,..,..,..,..
"Life expectancy at birth, total (years)",SP.DYN.LE00.IN,Nepal,NPL,54.404,62.288,67.611,68.028,68.426,68.806,69.168,69.515,69.848,70.169,70.478,..
"Life expectancy at birth, total (years)",SP.DYN.LE00.IN,Netherlands,NLD,76.87804878,77.98780488,80.70243902,81.20487805,81.10487805,81.30487805,81.70731707,81.5097561,81.56097561,81.76097561,81.76097561,..
"Life expectancy at birth, total (years)",SP.DYN.LE00.IN,New Caledonia,NCL,70.48536585,75.16341463,77.25912213,76.64683538,77.06907036,77.17621087,77.2528726,77.24430351,76.96150074,77.14878049,77.14878049,..
"Life expectancy at birth, total (years)",SP.DYN.LE00.IN,New Zealand,NZL,75.37804878,78.63658537,80.70243902,80.90487805,81.15609756,81.40731707,81.40487805,81.45682927,81.61243902,81.65853659,81.85853659,..
"Life expectancy at birth, total (years)",SP.DYN.LE00.IN,Nicaragua,NIC,64.293,69.527,72.428,72.692,72.951,73.197,73.429,73.649,73.86,74.068,74.275,..
"Life expectancy at birth, total (years)",SP.DYN.LE00.IN,Niger,NER,43.538,49.928,57.333,58.081,58.79,59.455,60.07,60.631,61.137,61.599,62.024,..
"Life expectancy at birth, total (years)",SP.DYN.LE00.IN,Nigeria,NGA,45.9,46.267,50.896,51.346,51.786,52.228,52.672,53.112,53.541,53.95,54.332,..
"Life expectancy at birth, total (years)",SP.DYN.LE00.IN,North Macedonia,MKD,71.152,73.267,74.662,74.846,75.019,75.171,75.299,75.406,75.498,75.589,75.688,..
"Life expectancy at birth, total (years)",SP.DYN.LE00.IN,Northern Mariana Islands,MNP,..,..,..,..,..,..,..,..,..,..,..,..
"Life expectancy at birth, total (years)",SP.DYN.LE00.IN,Norway,NOR,76.53731707,78.63414634,80.99756098,81.29512195,81.45121951,81.75121951,82.1,82.30487805,82.40731707,82.6097561,82.81219512,..
"Life expectancy at birth, total (years)",SP.DYN.LE00.IN,Oman,OMN,67.18,72.126,75.682,75.916,76.149,76.388,76.634,76.887,77.142,77.393,77.633,..
"Life expectancy at birth, total (years)",SP.DYN.LE00.IN,Pakistan,PAK,60.1,62.82,65.264,65.562,65.849,66.117,66.36,66.577,66.77,66.947,67.114,..
"Life expectancy at birth, total (years)",SP.DYN.LE00.IN,Palau,PLW,69.06926829,70.49365854,..,..,..,..,..,..,..,..,..,..
"Life expectancy at birth, total (years)",SP.DYN.LE00.IN,Panama,PAN,72.982,75.06,76.792,76.989,77.188,77.386,77.583,77.776,77.964,78.149,78.329,..
"Life expectancy at birth, total (years)",SP.DYN.LE00.IN,Papua New Guinea,PNG,56.492,59.265,62.029,62.316,62.604,62.892,63.181,63.466,63.744,64.01,64.263,..
"Life expectancy at birth, total (years)",SP.DYN.LE00.IN,Paraguay,PRY,68.545,70.546,72.653,72.86,73.068,73.274,73.473,73.662,73.836,73.992,74.131,..
"Life expectancy at birth, total (years)",SP.DYN.LE00.IN,Peru,PER,66.165,71.111,74.41,74.697,74.981,75.258,75.529,75.792,76.044,76.286,76.516,..
"Life expectancy at birth, total (years)",SP.DYN.LE00.IN,Philippines,PHL,66.366,68.793,69.823,69.984,70.149,70.315,70.481,70.644,70.802,70.952,71.095,..
"Life expectancy at birth, total (years)",SP.DYN.LE00.IN,Poland,POL,70.8902439,73.74878049,76.24634146,76.69512195,76.74634146,77,77.60243902,77.45121951,77.85121951,77.75365854,77.75365854,..
"Life expectancy at birth, total (years)",SP.DYN.LE00.IN,Portugal,PRT,73.96585366,76.31463415,79.02682927,80.47073171,80.37317073,80.72195122,81.12195122,81.12439024,81.12439024,81.42439024,81.72439024,..
"Life expectancy at birth, total (years)",SP.DYN.LE00.IN,Puerto Rico,PRI,74.16917073,76.68926829,78.41909756,78.64065854,78.84758537,79.03434146,79.20246341,79.3534878,79.49497561,79.63453659,79.77819512,..
"Life expectancy at birth, total (years)",SP.DYN.LE00.IN,Qatar,QAT,75.824,77.467,79.108,79.26,79.399,79.527,79.646,79.758,79.868,79.981,80.1,..
"Life expectancy at birth, total (years)",SP.DYN.LE00.IN,Romania,ROU,69.74121951,71.16341463,73.45853659,74.4097561,74.41219512,75.06341463,74.9097561,74.91219512,75.2097561,75.3097561,75.4097561,..
"Life expectancy at birth, total (years)",SP.DYN.LE00.IN,Russian Federation,RUS,68.88609756,65.48365854,68.84121951,69.68390244,70.07219512,70.57878049,70.74365854,71.18341463,71.65121951,72.43195122,72.65731707,..
"Life expectancy at birth, total (years)",SP.DYN.LE00.IN,Rwanda,RWA,33.413,48.649,63.433,64.523,65.438,66.219,66.884,67.45,67.93,68.341,68.7,..
"Life expectancy at birth, total (years)",SP.DYN.LE00.IN,Samoa,WSM,66.281,68.748,71.663,71.906,72.136,72.351,72.549,72.73,72.895,73.046,73.187,..
"Life expectancy at birth, total (years)",SP.DYN.LE00.IN,San Marino,SMR,..,..,..,..,85.41707317,..,..,..,..,..,..,..
"Life expectancy at birth, total (years)",SP.DYN.LE00.IN,Sao Tome and Principe,STP,58.247,61.365,67.43,67.885,68.306,68.695,69.052,69.377,69.67,69.933,70.17,..
"Life expectancy at birth, total (years)",SP.DYN.LE00.IN,Saudi Arabia,SAU,69.078,72.561,73.917,74.089,74.254,74.402,74.533,74.651,74.761,74.874,74.998,..
"Life expectancy at birth, total (years)",SP.DYN.LE00.IN,Senegal,SEN,57.202,57.787,64.284,64.898,65.448,65.939,66.37,66.747,67.078,67.38,67.665,..
"Life expectancy at birth, total (years)",SP.DYN.LE00.IN,Serbia,SRB,..,71.58292683,74.33658537,74.53658537,74.83658537,75.18536585,75.33658537,75.28780488,75.68780488,75.53902439,75.53902439,..
"Life expectancy at birth, total (years)",SP.DYN.LE00.IN,Seychelles,SYC,68.10731707,72.77804878,73.19756098,72.72439024,74.27560976,73.1195122,73.22926829,74.29512195,74.3097561,74.3,72.84146341,..
"Life expectancy at birth, total (years)",SP.DYN.LE00.IN,Sierra Leone,SLE,38.563,39.441,49.382,50.234,51.018,51.731,52.372,52.941,53.444,53.895,54.309,..
"Life expectancy at birth, total (years)",SP.DYN.LE00.IN,Singapore,SGP,75.29512195,77.95121951,81.54146341,81.74390244,81.99512195,82.24634146,82.49512195,82.74390244,82.84634146,83.09512195,83.14634146,..
"Life expectancy at birth, total (years)",SP.DYN.LE00.IN,Sint Maarten (Dutch part),SXM,..,..,..,..,73.05365854,..,77.06829268,77.2195122,78.29268293,..,..,..
"Life expectancy at birth, total (years)",SP.DYN.LE00.IN,Slovak Republic,SVK,70.93268293,73.05121951,75.11219512,75.95853659,76.1097561,76.41219512,76.81219512,76.56341463,77.16585366,77.16585366,77.16585366,..
"Life expectancy at birth, total (years)",SP.DYN.LE00.IN,Slovenia,SVN,73.20487805,75.41219512,79.42195122,79.97073171,80.12439024,80.32195122,81.07804878,80.77560976,81.17560976,81.02926829,81.02926829,..
"Life expectancy at birth, total (years)",SP.DYN.LE00.IN,Solomon Islands,SLB,64.365,67.442,70.674,70.985,71.296,71.601,71.896,72.173,72.424,72.645,72.835,..
"Life expectancy at birth, total (years)",SP.DYN.LE00.IN,Somalia,SOM,45.378,50.869,53.99,54.342,54.713,55.104,55.509,55.92,56.324,56.709,57.068,..
"Life expectancy at birth, total (years)",SP.DYN.LE00.IN,South Africa,ZAF,63.307,56.048,57.669,58.895,60.06,61.099,61.968,62.649,63.153,63.538,63.857,..
"Life expectancy at birth, total (years)",SP.DYN.LE00.IN,South Sudan,SSD,43.524,49.166,54.8,55.325,55.791,56.2,56.552,56.855,57.12,57.365,57.604,..
"Life expectancy at birth, total (years)",SP.DYN.LE00.IN,Spain,ESP,76.83756098,78.96585366,81.62682927,82.47560976,82.42682927,83.07804878,83.22926829,82.83170732,83.32926829,83.28292683,83.33414634,..
"Life expectancy at birth, total (years)",SP.DYN.LE00.IN,Sri Lanka,LKA,69.509,71.333,75.439,75.614,75.796,75.974,76.147,76.316,76.482,76.648,76.812,..
"Life expectancy at birth, total (years)",SP.DYN.LE00.IN,St. Kitts and Nevis,KNA,..,..,..,..,..,..,..,..,..,..,..,..
"Life expectancy at birth, total (years)",SP.DYN.LE00.IN,St. Lucia,LCA,71.074,73.319,74.852,74.993,75.138,75.286,75.44,75.596,75.752,75.907,76.057,..
"Life expectancy at birth, total (years)",SP.DYN.LE00.IN,St. Martin (French part),MAF,74.52195122,76.97073171,78.72195122,78.87073171,79.02195122,79.17073171,79.32195122,79.47073171,79.62195122,79.72195122,79.87073171,..
"Life expectancy at birth, total (years)",SP.DYN.LE00.IN,St. Vincent and the Grenadines,VCT,70.58,70.809,71.776,71.827,71.879,71.939,72.01,72.095,72.193,72.3,72.415,..
"Life expectancy at birth, total (years)",SP.DYN.LE00.IN,Sudan,SDN,55.5,58.472,62.764,63.171,63.542,63.875,64.169,64.429,64.663,64.881,65.095,..
"Life expectancy at birth, total (years)",SP.DYN.LE00.IN,Suriname,SUR,67.436,67.822,70.465,70.676,70.851,71.002,71.133,71.249,71.358,71.463,71.57,..
"Life expectancy at birth, total (years)",SP.DYN.LE00.IN,Sweden,SWE,77.53682927,79.64390244,81.45121951,81.80243902,81.70487805,81.95609756,82.25365854,82.20487805,82.30731707,82.4097561,82.51219512,..
"Life expectancy at birth, total (years)",SP.DYN.LE00.IN,Switzerland,CHE,77.24243902,79.6804878,82.24634146,82.69512195,82.69756098,82.79756098,83.19756098,82.89756098,83.60243902,83.55121951,83.55121951,..
"Life expectancy at birth, total (years)",SP.DYN.LE00.IN,Syrian Arab Republic,SYR,70.553,73.11,72.108,71.27,70.55,70.049,69.821,69.908,70.315,70.967,71.779,..
"Life expectancy at birth, total (years)",SP.DYN.LE00.IN,Tajikistan,TJK,58.824,61.974,68.736,69.055,69.34,69.609,69.874,70.137,70.397,70.647,70.879,..
"Life expectancy at birth, total (years)",SP.DYN.LE00.IN,Tanzania,TZA,50.206,50.801,58.584,59.525,60.47,61.398,62.288,63.111,63.844,64.479,65.015,..
"Life expectancy at birth, total (years)",SP.DYN.LE00.IN,Thailand,THA,70.248,70.623,74.184,74.593,74.992,75.378,75.747,76.091,76.403,76.683,76.931,..
"Life expectancy at birth, total (years)",SP.DYN.LE00.IN,Timor-Leste,TLS,48.492,59.002,67.186,67.477,67.72,67.953,68.197,68.459,68.735,69.007,69.26,..
"Life expectancy at birth, total (years)",SP.DYN.LE00.IN,Togo,TGO,55.887,53.491,57.468,58.092,58.661,59.16,59.58,59.927,60.22,60.489,60.76,..
"Life expectancy at birth, total (years)",SP.DYN.LE00.IN,Tonga,TON,68.935,69.667,70.059,70.148,70.242,70.335,70.427,70.517,70.607,70.701,70.801,..
"Life expectancy at birth, total (years)",SP.DYN.LE00.IN,Trinidad and Tobago,TTO,68.086,69.413,71.946,72.17,72.382,72.582,72.768,72.941,73.1,73.245,73.38,..
"Life expectancy at birth, total (years)",SP.DYN.LE00.IN,Tunisia,TUN,68.792,73.172,75.041,75.206,75.376,75.552,75.734,75.922,76.115,76.31,76.505,..
"Life expectancy at birth, total (years)",SP.DYN.LE00.IN,Turkey,TUR,64.256,70.005,74.507,74.944,75.373,75.784,76.172,76.532,76.86,77.161,77.437,..
"Life expectancy at birth, total (years)",SP.DYN.LE00.IN,Turkmenistan,TKM,62.81,63.613,66.657,66.928,67.167,67.375,67.552,67.704,67.835,67.956,68.073,..
"Life expectancy at birth, total (years)",SP.DYN.LE00.IN,Turks and Caicos Islands,TCA,..,..,..,..,..,..,..,..,..,..,..,..
"Life expectancy at birth, total (years)",SP.DYN.LE00.IN,Tuvalu,TUV,..,..,..,..,..,..,..,..,..,..,..,..
"Life expectancy at birth, total (years)",SP.DYN.LE00.IN,Uganda,UGA,45.853,46.229,57.099,58.087,59.017,59.881,60.669,61.373,61.986,62.516,62.973,..
"Life expectancy at birth, total (years)",SP.DYN.LE00.IN,Ukraine,UKR,70.09756098,67.67560976,70.26536585,70.80926829,70.94414634,71.1595122,71.18658537,71.1895122,71.47634146,71.78097561,71.58268293,..
"Life expectancy at birth, total (years)",SP.DYN.LE00.IN,United Arab Emirates,ARE,71.939,74.327,76.332,76.521,76.711,76.903,77.095,77.285,77.47,77.647,77.814,..
"Life expectancy at birth, total (years)",SP.DYN.LE00.IN,United Kingdom,GBR,75.8804878,77.74146341,80.40243902,80.95121951,80.90487805,81.00487805,81.30487805,80.95609756,81.15609756,81.25609756,81.35609756,..
"Life expectancy at birth, total (years)",SP.DYN.LE00.IN,United States,USA,75.21463415,76.63658537,78.54146341,78.64146341,78.74146341,78.74146341,78.84146341,78.6902439,78.53902439,78.53902439,78.53902439,..
"Life expectancy at birth, total (years)",SP.DYN.LE00.IN,Uruguay,URY,72.569,74.731,76.75,76.882,77.004,77.124,77.244,77.369,77.498,77.632,77.77,..
"Life expectancy at birth, total (years)",SP.DYN.LE00.IN,Uzbekistan,UZB,66.481,67.156,69.672,69.91,70.155,70.41,70.671,70.928,71.171,71.388,71.573,..
"Life expectancy at birth, total (years)",SP.DYN.LE00.IN,Vanuatu,VUT,64.721,67.363,69.123,69.272,69.421,69.57,69.719,69.869,70.021,70.172,70.323,..
"Life expectancy at birth, total (years)",SP.DYN.LE00.IN,"Venezuela, RB",VEN,70.658,72.112,73.134,73.11,73.037,72.918,72.762,72.584,72.405,72.246,72.128,..
"Life expectancy at birth, total (years)",SP.DYN.LE00.IN,Vietnam,VNM,70.551,73.025,74.837,74.904,74.958,75.006,75.056,75.11,75.172,75.241,75.317,..
"Life expectancy at birth, total (years)",SP.DYN.LE00.IN,Virgin Islands (U.S.),VIR,74.23585366,76.6195122,77.96585366,78.41707317,78.66829268,78.86829268,78.96829268,79.16829268,79.26829268,79.4195122,79.56829268,..
"Life expectancy at birth, total (years)",SP.DYN.LE00.IN,West Bank and Gaza,PSE,68.048,71.022,72.788,72.915,73.041,73.17,73.303,73.442,73.589,73.74,73.895,..
"Life expectancy at birth, total (years)",SP.DYN.LE00.IN,"Yemen, Rep.",YEM,57.346,60.683,65.549,65.768,65.92,66.016,66.066,66.085,66.087,66.086,66.096,..
"Life expectancy at birth, total (years)",SP.DYN.LE00.IN,Zambia,ZMB,49.249,44,55.655,57.126,58.502,59.746,60.831,61.737,62.464,63.043,63.51,..
"Life expectancy at birth, total (years)",SP.DYN.LE00.IN,Zimbabwe,ZWE,58.1,44.649,50.64,52.896,55.032,56.897,58.41,59.534,60.294,60.812,61.195,..
"Life expectancy at birth, total (years)",SP.DYN.LE00.IN,Arab World,ARB,64.35157697,67.80059112,70.34991623,70.5287748,70.7038266,70.88225374,71.06429243,71.24957141,71.43649684,71.62252633,..,..
"Life expectancy at birth, total (years)",SP.DYN.LE00.IN,Caribbean small states,CSS,70.19763108,71.41918539,72.67939477,72.79529831,72.91180346,73.03014515,73.15058462,73.27301598,73.39595639,73.51749249,..,..
"Life expectancy at birth, total (years)",SP.DYN.LE00.IN,Central Europe and the Baltics,CEB,70.65633134,72.71972472,75.29396578,75.88847488,75.9934886,76.35516299,76.67562361,76.59107024,76.98893983,77.03396591,..,..
"Life expectancy at birth, total (years)",SP.DYN.LE00.IN,Early-demographic dividend,EAR,60.49144914,64.40316231,68.05645765,68.4394018,68.80377133,69.14579799,69.46162034,69.74927422,70.01206579,70.2552611,..,..
"Life expectancy at birth, total (years)",SP.DYN.LE00.IN,East Asia & Pacific,EAS,68.92754337,71.17191891,74.0129969,74.26595012,74.56212675,74.84821439,75.12517029,75.39255688,75.63562149,75.86574762,..,..
"Life expectancy at birth, total (years)",SP.DYN.LE00.IN,East Asia & Pacific (excluding high income),EAP,67.88613833,70.13617334,73.06626441,73.35512026,73.64529744,73.93437703,74.22047205,74.49622762,74.75561418,74.9949516,..,..
"Life expectancy at birth, total (years)",SP.DYN.LE00.IN,East Asia & Pacific (IDA & IBRD countries),TEA,67.86041379,70.19841525,73.1104644,73.39730747,73.685484,73.97309786,74.25837024,74.53395213,74.79361457,75.0333589,..,..
"Life expectancy at birth, total (years)",SP.DYN.LE00.IN,Euro area,EMU,75.91180788,78.27507038,80.74678098,81.23282485,81.22715817,81.51232873,81.9334344,81.56932908,81.94592967,81.95073042,..,..
"Life expectancy at birth, total (years)",SP.DYN.LE00.IN,Europe & Central Asia,ECS,72.04651869,73.02594733,75.93569741,76.45979131,76.61983774,76.94739352,77.27770944,77.23880001,77.58798224,77.74469037,..,..
"Life expectancy at birth, total (years)",SP.DYN.LE00.IN,Europe & Central Asia (excluding high income),ECA,68.18460012,67.56023284,70.78469417,71.37844752,71.73542559,72.16356056,72.39869605,72.71037286,73.05881307,73.39917233,..,..
"Life expectancy at birth, total (years)",SP.DYN.LE00.IN,Europe & Central Asia (IDA & IBRD countries),TEC,68.47494387,68.15838477,71.31112807,71.88700686,72.21315707,72.62130012,72.88552813,73.15024724,73.50378222,73.80835432,..,..
"Life expectancy at birth, total (years)",SP.DYN.LE00.IN,European Union,EUU,74.73066242,77.0784478,79.62942606,80.13777288,80.15688815,80.46374093,80.87044758,80.56680714,80.94309246,80.92334804,80.97050204,..
"Life expectancy at birth, total (years)",SP.DYN.LE00.IN,Fragile and conflict affected situations,FCS,53.24456814,54.72926797,58.78896344,59.18073262,59.56095801,59.93083602,60.28539274,60.61992049,60.93198908,61.2219442,61.49570585,..
"Life expectancy at birth, total (years)",SP.DYN.LE00.IN,Heavily indebted poor countries (HIPC),HPC,49.93684866,52.26409976,58.85894741,59.52887102,60.16656463,60.770334,61.33431282,61.85295324,62.3232893,62.7486826,..,..
"Life expectancy at birth, total (years)",SP.DYN.LE00.IN,High income,HIC,75.42240997,77.58667641,79.81667216,80.05797372,80.1771292,80.35509283,80.61077981,80.48961424,80.64039254,80.6937295,..,..
"Life expectancy at birth, total (years)",SP.DYN.LE00.IN,IBRD only,IBD,65.43101282,68.05693751,71.16432299,71.51371275,71.8306934,72.14462005,72.43103247,72.69987577,72.95836486,73.19550862,..,..
"Life expectancy at birth, total (years)",SP.DYN.LE00.IN,IDA & IBRD total,IBT,63.14856425,65.49101468,68.76790563,69.12786279,69.45852259,69.78219775,70.07955248,70.35702857,70.61943318,70.85855778,..,..
"Life expectancy at birth, total (years)",SP.DYN.LE00.IN,IDA blend,IDB,55.22430139,55.36121693,59.33663346,59.79092489,60.21764544,60.62611548,61.01255737,61.37157717,61.6994536,61.99688464,..,..
"Life expectancy at birth, total (years)",SP.DYN.LE00.IN,IDA only,IDX,52.9729285,56.42640566,61.90857468,62.42199943,62.91115151,63.37658823,63.81765907,64.23176212,64.616877,64.97329468,..,..
"Life expectancy at birth, total (years)",SP.DYN.LE00.IN,IDA total,IDA,53.73572938,56.06666093,61.04170255,61.53402693,62.00127851,62.44660342,62.86837908,63.26317985,63.62848404,63.96471201,..,..
"Life expectancy at birth, total (years)",SP.DYN.LE00.IN,Late-demographic dividend,LTE,69.06377296,70.90260242,73.9808561,74.31818165,74.60859925,74.91554861,75.19825195,75.47081634,75.74518596,75.99540149,..,..
"Life expectancy at birth, total (years)",SP.DYN.LE00.IN,Latin America & Caribbean,LCN,68.31079757,71.68694545,74.0956072,74.28141034,74.45968593,74.63098772,74.79706447,74.95969785,75.11995716,75.28021575,..,..
"Life expectancy at birth, total (years)",SP.DYN.LE00.IN,Latin America & Caribbean (excluding high income),LAC,68.02872646,71.46197735,73.8925089,74.0785194,74.25746895,74.42940986,74.59660243,74.76044681,74.92203333,75.08345444,..,..
"Life expectancy at birth, total (years)",SP.DYN.LE00.IN,Latin America & the Caribbean (IDA & IBRD countries),TLA,68.09749537,71.53391165,73.98172967,74.17127102,74.35350217,74.52844707,74.69836498,74.8647344,75.02873523,75.19246541,..,..
"Life expectancy at birth, total (years)",SP.DYN.LE00.IN,Least developed countries: UN classification,LDC,51.7327278,55.47978615,61.3889337,61.96742512,62.51534548,63.03049635,63.50906065,63.94777696,64.34577144,64.70773022,..,..
"Life expectancy at birth, total (years)",SP.DYN.LE00.IN,Low & middle income,LMY,63.08582015,65.40253382,68.69724753,69.05762811,69.39128369,69.71646792,70.01269087,70.29377543,70.55541384,70.79658768,..,..
"Life expectancy at birth, total (years)",SP.DYN.LE00.IN,Low income,LIC,50.75649706,53.56581733,59.96218836,60.53434141,61.07699435,61.59529603,62.08889309,62.55473825,62.98932635,63.39261016,..,..
"Life expectancy at birth, total (years)",SP.DYN.LE00.IN,Lower middle income,LMC,59.18185437,62.39391373,66.09463367,66.48522132,66.85040132,67.19506093,67.51314846,67.80471167,68.07456289,68.32302436,..,..
"Life expectancy at birth, total (years)",SP.DYN.LE00.IN,Middle East & North Africa,MEA,65.76998518,69.88725649,72.53918335,72.73749387,72.93165619,73.13237932,73.32641704,73.51484485,73.71082025,73.90103351,..,..
"Life expectancy at birth, total (years)",SP.DYN.LE00.IN,Middle East & North Africa (excluding high income),MNA,65.13628746,69.35469385,72.01470088,72.21086861,72.40502044,72.60230904,72.80115246,73.00029612,73.1982111,73.39427025,..,..
"Life expectancy at birth, total (years)",SP.DYN.LE00.IN,Middle East & North Africa (IDA & IBRD countries),TMN,65.11060497,69.33706406,72.00580146,72.20270536,72.3975981,72.59564383,72.79522708,72.99505261,73.19354707,73.39013107,..,..
"Life expectancy at birth, total (years)",SP.DYN.LE00.IN,Middle income,MIC,64.12654611,66.53206418,69.66927326,70.01917657,70.34163834,70.65671362,70.94210725,71.21391513,71.46773664,71.70243385,..,..
"Life expectancy at birth, total (years)",SP.DYN.LE00.IN,North America,NAC,75.43504527,76.88199634,78.80945636,78.92056171,79.03148085,79.04221191,79.13808284,79.01211102,78.9016844,78.9142768,..,..
"Life expectancy at birth, total (years)",SP.DYN.LE00.IN,Not classified,INX,..,..,..,..,..,..,..,..,..,..,..,..
"Life expectancy at birth, total (years)",SP.DYN.LE00.IN,OECD members,OED,74.68993483,77.06183125,79.28588117,79.51783833,79.63123582,79.79439152,80.04377518,79.93402595,80.08656321,80.13846573,..,..
"Life expectancy at birth, total (years)",SP.DYN.LE00.IN,Other small states,OSS,62.22331882,60.24526676,64.30884935,65.02064195,65.71946022,66.33313879,66.89118507,67.40523612,67.8356294,68.20548751,..,..
"Life expectancy at birth, total (years)",SP.DYN.LE00.IN,Pacific island small states,PSS,65.09727675,66.55718548,68.48525042,68.68299373,68.88198265,69.07737697,69.26553193,69.44445877,69.61374193,69.77428378,..,..
"Life expectancy at birth, total (years)",SP.DYN.LE00.IN,Post-demographic dividend,PST,75.47946421,77.35565012,79.68608316,79.95285422,80.08663644,80.26792474,80.52413494,80.39489868,80.55424512,80.61363761,..,..
"Life expectancy at birth, total (years)",SP.DYN.LE00.IN,Pre-demographic dividend,PRE,49.71935386,50.67377581,56.59345621,57.2241555,57.83555535,58.42601741,58.98777897,59.51195893,59.99193712,60.42746691,..,..
"Life expectancy at birth, total (years)",SP.DYN.LE00.IN,Small states,SST,64.29751406,63.11104347,66.20120247,66.74566783,67.28394944,67.76505808,68.2053778,68.61401082,68.96046273,69.2613898,..,..
"Life expectancy at birth, total (years)",SP.DYN.LE00.IN,South Asia,SAS,58.14480099,62.82398278,66.84876853,67.25831784,67.64633996,68.00771902,68.34020626,68.64190068,68.91615144,69.1713119,..,..
"Life expectancy at birth, total (years)",SP.DYN.LE00.IN,South Asia (IDA & IBRD),TSA,58.14480099,62.82398278,66.84876853,67.25831784,67.64633996,68.00771902,68.34020626,68.64190068,68.91615144,69.1713119,..,..
"Life expectancy at birth, total (years)",SP.DYN.LE00.IN,Sub-Saharan Africa,SSF,50.21457418,50.45021401,56.72547004,57.45600255,58.14957954,58.80138989,59.40479994,59.95283055,60.44238734,60.88000237,..,..
"Life expectancy at birth, total (years)",SP.DYN.LE00.IN,Sub-Saharan Africa (excluding high income),SSA,50.21213265,50.44749099,56.72376831,57.45450742,58.14802775,58.80002407,59.40349637,59.95148447,60.44110322,60.87877747,..,..
"Life expectancy at birth, total (years)",SP.DYN.LE00.IN,Sub-Saharan Africa (IDA & IBRD countries),TSS,50.21457418,50.45021401,56.72547004,57.45600255,58.14957954,58.80138989,59.40479994,59.95283055,60.44238734,60.88000237,..,..
"Life expectancy at birth, total (years)",SP.DYN.LE00.IN,Upper middle income,UMC,68.62429938,70.60591665,73.51457024,73.85121986,74.15595007,74.46592903,74.74151192,75.01752704,75.278622,75.52253325,..,..
"Life expectancy at birth, total (years)",SP.DYN.LE00.IN,World,WLD,65.4337949,67.54918887,70.55611913,70.88407764,71.17171202,71.46225702,71.74196505,71.94789833,72.18217105,72.38300866,..,..
